{"cameraMode":{"drawMode":0,"name":"Shaded","section":"Shading Mode"},"sceneLighting":false,"audioPlay":false,"sceneViewState":{"m_AlwaysRefresh":false,"showFog":true,"showSkybox":false,"showFlares":true,"showImageEffects":true,"showParticleSystems":true,"showVisualEffectGraphs":true,"m_FxEnabled":true},"in2DMode":false,"pivot":{"x":-148.9102020263672,"y":13.166620254516602,"z":-189.88934326171876},"rotation":{"x":-0.11513873189687729,"y":0.08393057435750961,"z":-0.009769152849912644,"w":-0.9897594451904297},"size":1.6483583450317383,"orthographic":false}