{"cameraMode":{"drawMode":0,"name":"Shaded","section":"Shading Mode"},"sceneLighting":false,"audioPlay":false,"sceneViewState":{"m_AlwaysRefresh":false,"showFog":true,"showSkybox":false,"showFlares":true,"showImageEffects":true,"showParticleSystems":true,"showVisualEffectGraphs":true,"m_FxEnabled":true},"in2DMode":false,"pivot":{"x":1.416012167930603,"y":3.31611704826355,"z":-21.521591186523439},"rotation":{"x":0.29544177651405337,"y":-0.048402659595012668,"z":0.014979328960180283,"w":0.9540377259254456},"size":2.1349596977233888,"orthographic":false}