{"cameraMode":{"drawMode":0,"name":"Shaded","section":"Shading Mode"},"sceneLighting":false,"audioPlay":false,"sceneViewState":{"m_AlwaysRefresh":false,"showFog":true,"showSkybox":false,"showFlares":true,"showImageEffects":true,"showParticleSystems":true,"showVisualEffectGraphs":true,"m_FxEnabled":true},"in2DMode":false,"pivot":{"x":-1.0315799713134766,"y":71.25004577636719,"z":13.712146759033204},"rotation":{"x":0.21620199084281922,"y":0.28814342617988589,"z":-0.06695597618818283,"w":0.9304643273353577},"size":129.19593811035157,"orthographic":false}