{"cameraMode":{"drawMode":0,"name":"Shaded","section":"Shading Mode"},"sceneLighting":false,"audioPlay":false,"sceneViewState":{"m_AlwaysRefresh":false,"showFog":true,"showSkybox":false,"showFlares":true,"showImageEffects":true,"showParticleSystems":true,"showVisualEffectGraphs":true,"m_FxEnabled":true},"in2DMode":false,"pivot":{"x":-0.003921099938452244,"y":10.065400123596192,"z":-11.737699508666993},"rotation":{"x":-0.3597026765346527,"y":-0.1930776834487915,"z":0.07640408724546433,"w":-0.9098489880561829},"size":6.866026878356934,"orthographic":false}