{"cameraMode":{"drawMode":0,"name":"Shaded","section":"Shading Mode"},"sceneLighting":false,"audioPlay":false,"sceneViewState":{"m_AlwaysRefresh":false,"showFog":true,"showSkybox":false,"showFlares":true,"showImageEffects":true,"showParticleSystems":true,"showVisualEffectGraphs":true,"m_FxEnabled":true},"in2DMode":false,"pivot":{"x":0.0013662874698638917,"y":9.434731483459473,"z":-11.695392608642579},"rotation":{"x":-0.18861351907253266,"y":-0.15025211870670319,"z":0.029140375554561616,"w":-0.9702110886573792},"size":1.8013341426849366,"orthographic":false}