{"cameraMode":{"drawMode":0,"name":"Shaded","section":"Shading Mode"},"sceneLighting":false,"audioPlay":false,"sceneViewState":{"m_AlwaysRefresh":false,"showFog":true,"showSkybox":false,"showFlares":true,"showImageEffects":true,"showParticleSystems":true,"showVisualEffectGraphs":true,"m_FxEnabled":true},"in2DMode":false,"pivot":{"x":-0.0966845452785492,"y":1.8291549682617188,"z":-0.6492401957511902},"rotation":{"x":0.16285209357738496,"y":-0.5585968494415283,"z":0.11316589266061783,"w":0.8061696887016296},"size":4.207394599914551,"orthographic":false}