{"cameraMode":{"drawMode":0,"name":"Shaded","section":"Shading Mode"},"sceneLighting":false,"audioPlay":false,"sceneViewState":{"m_AlwaysRefresh":false,"showFog":false,"showSkybox":false,"showFlares":false,"showImageEffects":false,"showParticleSystems":false,"showVisualEffectGraphs":true,"m_FxEnabled":true},"in2DMode":false,"pivot":{"x":-1.1306096315383912,"y":0.48352837562561037,"z":-0.6054227352142334},"rotation":{"x":0.10121268033981323,"y":0.45349472761154177,"z":-0.05192580446600914,"w":0.883987545967102},"size":0.1650720238685608,"orthographic":false}