{"cameraMode":{"drawMode":0,"name":"Shaded","section":"Shading Mode"},"sceneLighting":false,"audioPlay":false,"sceneViewState":{"m_AlwaysRefresh":false,"showFog":false,"showSkybox":false,"showFlares":false,"showImageEffects":false,"showParticleSystems":false,"showVisualEffectGraphs":true,"m_FxEnabled":true},"in2DMode":false,"pivot":{"x":0.035999998450279239,"y":1.2430000305175782,"z":0.6940000057220459},"rotation":{"x":-0.1430920660495758,"y":0.2851150631904602,"z":0.04309405758976936,"w":0.9467904567718506},"size":2.5650718212127687,"orthographic":false}