{"cameraMode":{"drawMode":0,"name":"Shaded","section":"Shading Mode"},"sceneLighting":false,"audioPlay":false,"sceneViewState":{"m_AlwaysRefresh":false,"showFog":true,"showSkybox":false,"showFlares":true,"showImageEffects":true,"showParticleSystems":true,"showVisualEffectGraphs":true,"m_FxEnabled":true},"in2DMode":false,"pivot":{"x":1.0856932401657105,"y":1.166172742843628,"z":0.01395629346370697},"rotation":{"x":-0.0026956889778375627,"y":-0.9747110605239868,"z":0.22340334951877595,"w":-0.011638698168098927},"size":5.79449987411499,"orthographic":false}