{"cameraMode":{"drawMode":0,"name":"Shaded","section":"Shading Mode"},"sceneLighting":false,"audioPlay":false,"sceneViewState":{"m_AlwaysRefresh":false,"showFog":true,"showSkybox":false,"showFlares":true,"showImageEffects":true,"showParticleSystems":true,"showVisualEffectGraphs":true,"m_FxEnabled":true},"in2DMode":false,"pivot":{"x":0.009999990463256836,"y":-0.010000001639127732,"z":0.28999996185302737},"rotation":{"x":-0.05535062402486801,"y":-0.0693017765879631,"z":0.003863204037770629,"w":-0.9962380528450012},"size":1.311578631401062,"orthographic":false}