{"cameraMode":{"drawMode":0,"name":"Shaded","section":"Shading Mode"},"sceneLighting":false,"audioPlay":false,"sceneViewState":{"m_AlwaysRefresh":false,"showFog":true,"showSkybox":false,"showFlares":true,"showImageEffects":true,"showParticleSystems":true,"showVisualEffectGraphs":true,"m_FxEnabled":true},"in2DMode":false,"pivot":{"x":1.2119141817092896,"y":-0.4058154821395874,"z":-0.11534816026687622},"rotation":{"x":-0.4307389259338379,"y":0.20111893117427827,"z":-0.09917235374450684,"w":-0.8742387890815735},"size":4.213520050048828,"orthographic":false}