{"cameraMode":{"drawMode":0,"name":"Shaded","section":"Shading Mode"},"sceneLighting":false,"audioPlay":false,"sceneViewState":{"m_AlwaysRefresh":false,"showFog":true,"showSkybox":false,"showFlares":true,"showImageEffects":true,"showParticleSystems":true,"showVisualEffectGraphs":true,"m_FxEnabled":true},"in2DMode":false,"pivot":{"x":0.021226882934570314,"y":0.024000048637390138,"z":0.7144877910614014},"rotation":{"x":-0.0749104842543602,"y":0.8560346364974976,"z":-0.1296682208776474,"w":-0.4948633313179016},"size":6.613521575927734,"orthographic":false}