{"cameraMode":{"drawMode":0,"name":"Shaded","section":"Shading Mode"},"sceneLighting":false,"audioPlay":false,"sceneViewState":{"m_AlwaysRefresh":false,"showFog":true,"showSkybox":false,"showFlares":true,"showImageEffects":true,"showParticleSystems":true,"showVisualEffectGraphs":true,"m_FxEnabled":true},"in2DMode":false,"pivot":{"x":4.476978302001953,"y":2.4796481132507326,"z":0.9049363136291504},"rotation":{"x":-0.2072705328464508,"y":-0.10629303753376007,"z":-0.022513294592499734,"w":0.9723786115646362},"size":1.1949400901794434,"orthographic":false}