{"cameraMode":{"drawMode":0,"name":"Shaded","section":"Shading Mode"},"sceneLighting":true,"audioPlay":false,"sceneViewState":{"m_AlwaysRefresh":false,"showFog":true,"showSkybox":true,"showFlares":true,"showImageEffects":true,"showParticleSystems":true,"showVisualEffectGraphs":true,"m_FxEnabled":true},"in2DMode":false,"pivot":{"x":-29.84647560119629,"y":-13.257579803466797,"z":-18.164180755615236},"rotation":{"x":0.3166869580745697,"y":-0.04509717598557472,"z":0.014672181569039822,"w":0.9476367831230164},"size":52.03725051879883,"orthographic":false}