{"cameraMode":{"drawMode":0,"name":"Shaded","section":"Shading Mode"},"sceneLighting":true,"audioPlay":false,"sceneViewState":{"m_AlwaysRefresh":false,"showFog":true,"showSkybox":true,"showFlares":true,"showImageEffects":true,"showParticleSystems":true,"showVisualEffectGraphs":true,"m_FxEnabled":true},"in2DMode":false,"pivot":{"x":78.63190460205078,"y":6.513532638549805,"z":-48.1744384765625},"rotation":{"x":0.019989503547549249,"y":-0.9804060459136963,"z":0.13920128345489503,"w":0.14248456060886384},"size":13.876813888549805,"orthographic":false}