{"cameraMode":{"drawMode":0,"name":"Shaded","section":"Shading Mode"},"sceneLighting":true,"audioPlay":false,"sceneViewState":{"m_AlwaysRefresh":false,"showFog":true,"showSkybox":true,"showFlares":true,"showImageEffects":true,"showParticleSystems":true,"showVisualEffectGraphs":true,"m_FxEnabled":true},"in2DMode":false,"pivot":{"x":-109.83415985107422,"y":-45.804386138916019,"z":-47.604286193847659},"rotation":{"x":-0.2425207495689392,"y":-0.08921801298856735,"z":0.022487400099635125,"w":-0.9659234881401062},"size":62.793758392333987,"orthographic":false}