{"cameraMode":{"drawMode":0,"name":"Shaded","section":"Shading Mode"},"sceneLighting":true,"audioPlay":false,"sceneViewState":{"m_AlwaysRefresh":false,"showFog":true,"showSkybox":true,"showFlares":true,"showImageEffects":true,"showParticleSystems":true,"showVisualEffectGraphs":true,"m_FxEnabled":true},"in2DMode":false,"pivot":{"x":-123.59347534179688,"y":-30.297758102416993,"z":-27.075416564941408},"rotation":{"x":0.34229621291160586,"y":0.029612630605697633,"z":-0.01080365851521492,"w":0.9391860365867615},"size":139.50840759277345,"orthographic":false}