{"cameraMode":{"drawMode":0,"name":"Shaded","section":"Shading Mode"},"sceneLighting":true,"audioPlay":false,"sceneViewState":{"m_AlwaysRefresh":false,"showFog":true,"showSkybox":true,"showFlares":true,"showImageEffects":true,"showParticleSystems":true,"showVisualEffectGraphs":true,"m_FxEnabled":true},"in2DMode":false,"pivot":{"x":-124.72000122070313,"y":9.663861274719239,"z":-152.82000732421876},"rotation":{"x":0.21866784989833833,"y":-0.12518274784088136,"z":0.02828330732882023,"w":0.9673551321029663},"size":6.228627681732178,"orthographic":false}