{"cameraMode":{"drawMode":0,"name":"Shaded","section":"Shading Mode"},"sceneLighting":true,"audioPlay":false,"sceneViewState":{"m_AlwaysRefresh":false,"showFog":true,"showSkybox":true,"showFlares":true,"showImageEffects":true,"showParticleSystems":true,"showVisualEffectGraphs":true,"m_FxEnabled":true},"in2DMode":false,"pivot":{"x":-82.36366271972656,"y":-27.325912475585939,"z":-80.92729187011719},"rotation":{"x":0.21875692903995515,"y":0.16483786702156068,"z":-0.036534540355205539,"w":0.9617029428482056},"size":64.71410369873047,"orthographic":false}