{"cameraMode":{"drawMode":0,"name":"Shaded","section":"Shading Mode"},"sceneLighting":true,"audioPlay":false,"sceneViewState":{"m_AlwaysRefresh":false,"showFog":true,"showSkybox":true,"showFlares":true,"showImageEffects":true,"showParticleSystems":true,"showVisualEffectGraphs":true,"m_FxEnabled":true},"in2DMode":false,"pivot":{"x":-114.7378158569336,"y":-26.58550262451172,"z":-73.96131896972656},"rotation":{"x":-0.34769928455352785,"y":-0.051188286393880847,"z":0.019185954704880716,"w":-0.9365155100822449},"size":107.03053283691406,"orthographic":false}