{"cameraMode":{"drawMode":0,"name":"Shaded","section":"Shading Mode"},"sceneLighting":true,"audioPlay":false,"sceneViewState":{"m_AlwaysRefresh":false,"showFog":true,"showSkybox":true,"showFlares":true,"showImageEffects":true,"showParticleSystems":true,"showVisualEffectGraphs":true,"m_FxEnabled":true},"in2DMode":false,"pivot":{"x":60.322731018066409,"y":7.388640880584717,"z":-46.88424301147461},"rotation":{"x":0.3313581645488739,"y":0.003188031492754817,"z":-0.0011072485940530897,"w":0.9442220330238342},"size":16.936307907104493,"orthographic":false}