{"cameraMode":{"drawMode":0,"name":"Shaded","section":"Shading Mode"},"sceneLighting":true,"audioPlay":false,"sceneViewState":{"m_AlwaysRefresh":false,"showFog":true,"showSkybox":true,"showFlares":true,"showImageEffects":true,"showParticleSystems":true,"showVisualEffectGraphs":true,"m_FxEnabled":true},"in2DMode":false,"pivot":{"x":-124.72000122070313,"y":16.080001831054689,"z":-152.82000732421876},"rotation":{"x":-0.1327938735485077,"y":-0.1741737574338913,"z":0.022511664777994157,"w":-0.9761220812797546},"size":12.598770141601563,"orthographic":false}