{"cameraMode":{"drawMode":0,"name":"Shaded","section":"Shading Mode"},"sceneLighting":true,"audioPlay":false,"sceneViewState":{"m_AlwaysRefresh":false,"showFog":true,"showSkybox":true,"showFlares":true,"showImageEffects":true,"showParticleSystems":true,"showVisualEffectGraphs":true,"m_FxEnabled":true},"in2DMode":false,"pivot":{"x":74.321533203125,"y":37.110572814941409,"z":-63.03904724121094},"rotation":{"x":0.10036084055900574,"y":-0.005416448228061199,"z":0.0003256540803704411,"w":0.9952443242073059},"size":1.2256011962890626,"orthographic":false}