{"cameraMode":{"drawMode":0,"name":"Shaded","section":"Shading Mode"},"sceneLighting":true,"audioPlay":false,"sceneViewState":{"m_AlwaysRefresh":false,"showFog":true,"showSkybox":true,"showFlares":true,"showImageEffects":true,"showParticleSystems":true,"showVisualEffectGraphs":true,"m_FxEnabled":true},"in2DMode":false,"pivot":{"x":123.2574462890625,"y":-25.592044830322267,"z":30.940473556518556},"rotation":{"x":0.15563462674617768,"y":0.34351569414138796,"z":-0.05784201994538307,"w":0.9243537783622742},"size":63.88424301147461,"orthographic":false}