{"cameraMode":{"drawMode":0,"name":"Shaded","section":"Shading Mode"},"sceneLighting":true,"audioPlay":false,"sceneViewState":{"m_AlwaysRefresh":false,"showFog":true,"showSkybox":true,"showFlares":true,"showImageEffects":true,"showParticleSystems":true,"showVisualEffectGraphs":true,"m_FxEnabled":true},"in2DMode":false,"pivot":{"x":-41.454803466796878,"y":28.53469467163086,"z":-46.51655578613281},"rotation":{"x":-0.014841467142105103,"y":-0.11221872270107269,"z":-0.002280502114444971,"w":0.9940889477729797},"size":44.09347915649414,"orthographic":false}