{"cameraMode":{"drawMode":0,"name":"Shaded","section":"Shading Mode"},"sceneLighting":true,"audioPlay":false,"sceneViewState":{"m_AlwaysRefresh":false,"showFog":true,"showSkybox":true,"showFlares":true,"showImageEffects":true,"showParticleSystems":true,"showVisualEffectGraphs":true,"m_FxEnabled":true},"in2DMode":false,"pivot":{"x":-1.903383731842041,"y":12.624340057373047,"z":-33.527931213378909},"rotation":{"x":-0.08985048532485962,"y":-0.0859440267086029,"z":0.007782681379467249,"w":-0.9922105073928833},"size":16.819198608398439,"orthographic":false}