{"cameraMode":{"drawMode":0,"name":"Shaded","section":"Shading Mode"},"sceneLighting":true,"audioPlay":false,"sceneViewState":{"m_AlwaysRefresh":false,"showFog":true,"showSkybox":true,"showFlares":true,"showImageEffects":true,"showParticleSystems":true,"showVisualEffectGraphs":true,"m_FxEnabled":true},"in2DMode":false,"pivot":{"x":-96.13408660888672,"y":-101.42338562011719,"z":32.039302825927737},"rotation":{"x":0.25916945934295657,"y":0.06835673004388809,"z":-0.01827211305499077,"w":0.9633086323738098},"size":117.48505401611328,"orthographic":false}