{"cameraMode":{"drawMode":0,"name":"Shaded","section":"Shading Mode"},"sceneLighting":true,"audioPlay":false,"sceneViewState":{"m_AlwaysRefresh":false,"showFog":true,"showSkybox":true,"showFlares":true,"showImageEffects":true,"showParticleSystems":true,"showVisualEffectGraphs":true,"m_FxEnabled":true},"in2DMode":false,"pivot":{"x":-121.08457946777344,"y":9.479452133178711,"z":-157.07830810546876},"rotation":{"x":0.34069696068763735,"y":-0.047447022050619128,"z":0.01699393428862095,"w":0.9391478896141052},"size":4.739509582519531,"orthographic":false}