{"cameraMode":{"drawMode":0,"name":"Shaded","section":"Shading Mode"},"sceneLighting":true,"audioPlay":false,"sceneViewState":{"m_AlwaysRefresh":false,"showFog":true,"showSkybox":true,"showFlares":true,"showImageEffects":true,"showParticleSystems":true,"showVisualEffectGraphs":true,"m_FxEnabled":true},"in2DMode":false,"pivot":{"x":28.317996978759767,"y":-142.8416290283203,"z":158.44085693359376},"rotation":{"x":0.3221795856952667,"y":0.18193897604942323,"z":-0.06331516802310944,"w":0.9270166754722595},"size":233.26441955566407,"orthographic":false}