{"cameraMode":{"drawMode":0,"name":"Shaded","section":"Shading Mode"},"sceneLighting":true,"audioPlay":false,"sceneViewState":{"m_AlwaysRefresh":false,"showFog":true,"showSkybox":true,"showFlares":true,"showImageEffects":true,"showParticleSystems":true,"showVisualEffectGraphs":true,"m_FxEnabled":true},"in2DMode":false,"pivot":{"x":0.001983642578125,"y":0.8607579469680786,"z":0.4247981011867523},"rotation":{"x":0.007621500175446272,"y":0.9923706650733948,"z":0.08924590796232224,"w":-0.08475422859191895},"size":2.36602520942688,"orthographic":false}