{"cameraMode":{"drawMode":0,"name":"Shaded","section":"Shading Mode"},"sceneLighting":true,"audioPlay":false,"sceneViewState":{"m_AlwaysRefresh":false,"showFog":true,"showSkybox":true,"showFlares":true,"showImageEffects":true,"showParticleSystems":true,"showVisualEffectGraphs":true,"m_FxEnabled":true},"in2DMode":false,"pivot":{"x":10.531787872314454,"y":-9.500890731811524,"z":-7.674341678619385},"rotation":{"x":-0.018680820241570474,"y":0.8750128149986267,"z":-0.4825756549835205,"w":-0.03388746827840805},"size":123.66265869140625,"orthographic":false}