{"cameraMode":{"drawMode":0,"name":"Shaded","section":"Shading Mode"},"sceneLighting":false,"audioPlay":false,"sceneViewState":{"m_AlwaysRefresh":false,"showFog":false,"showSkybox":false,"showFlares":false,"showImageEffects":false,"showParticleSystems":false,"showVisualEffectGraphs":true,"m_FxEnabled":true},"in2DMode":false,"pivot":{"x":1.7808181047439576,"y":4.101887226104736,"z":-5.530653953552246},"rotation":{"x":0.13298769295215608,"y":-0.04278204217553139,"z":0.005813488271087408,"w":0.9902521967887878},"size":4.6087775230407719,"orthographic":false}