{"cameraMode":{"drawMode":0,"name":"Shaded","section":"Shading Mode"},"sceneLighting":false,"audioPlay":false,"sceneViewState":{"m_AlwaysRefresh":false,"showFog":false,"showSkybox":false,"showFlares":false,"showImageEffects":false,"showParticleSystems":false,"showVisualEffectGraphs":true,"m_FxEnabled":true},"in2DMode":false,"pivot":{"x":2.359999895095825,"y":3.3000001907348635,"z":-3.4700000286102297},"rotation":{"x":0.15261049568653108,"y":-0.18529370427131654,"z":0.02920921891927719,"w":0.9703983664512634},"size":2.2696046829223635,"orthographic":false}