{"cameraMode":{"drawMode":0,"name":"Shaded","section":"Shading Mode"},"sceneLighting":true,"audioPlay":false,"sceneViewState":{"m_AlwaysRefresh":false,"showFog":true,"showSkybox":true,"showFlares":true,"showImageEffects":true,"showParticleSystems":true,"showVisualEffectGraphs":true,"m_FxEnabled":true},"in2DMode":false,"pivot":{"x":30.284082412719728,"y":8.654684066772461,"z":1.2411913871765137},"rotation":{"x":0.28113704919815066,"y":-0.012951835989952088,"z":0.0038025237154215576,"w":0.9595947265625},"size":6.168798923492432,"orthographic":false}