{"cameraMode":{"drawMode":0,"name":"Shaded","section":"Shading Mode"},"sceneLighting":true,"audioPlay":false,"sceneViewState":{"m_AlwaysRefresh":false,"showFog":true,"showSkybox":true,"showFlares":true,"showImageEffects":true,"showParticleSystems":true,"showVisualEffectGraphs":true,"m_FxEnabled":true},"in2DMode":false,"pivot":{"x":-66.0837631225586,"y":-31.45257568359375,"z":50.346954345703128},"rotation":{"x":0.24331368505954743,"y":0.044297073036432269,"z":-0.010991976596415043,"w":0.969024121761322},"size":48.092552185058597,"orthographic":false}