{"cameraMode":{"drawMode":0,"name":"Shaded","section":"Shading Mode"},"sceneLighting":true,"audioPlay":false,"sceneViewState":{"m_AlwaysRefresh":false,"showFog":true,"showSkybox":true,"showFlares":true,"showImageEffects":true,"showParticleSystems":true,"showVisualEffectGraphs":true,"m_FxEnabled":true},"in2DMode":false,"pivot":{"x":68.08850860595703,"y":2.764354705810547,"z":-1.4847002029418946},"rotation":{"x":0.35417190194129946,"y":0.22670528292655946,"z":-0.0889262855052948,"w":0.9029179215431213},"size":51.135379791259769,"orthographic":false}