{"cameraMode":{"drawMode":0,"name":"Shaded","section":"Shading Mode"},"sceneLighting":true,"audioPlay":false,"sceneViewState":{"m_AlwaysRefresh":false,"showFog":true,"showSkybox":true,"showFlares":true,"showImageEffects":true,"showParticleSystems":true,"showVisualEffectGraphs":true,"m_FxEnabled":true},"in2DMode":false,"pivot":{"x":41.47433090209961,"y":-14.064281463623047,"z":-18.173355102539064},"rotation":{"x":-0.13238467276096345,"y":0.8464497923851013,"z":-0.45236676931381228,"w":-0.24771256744861604},"size":55.65898513793945,"orthographic":false}