{"cameraMode":{"drawMode":0,"name":"Shaded","section":"Shading Mode"},"sceneLighting":true,"audioPlay":false,"sceneViewState":{"m_AlwaysRefresh":false,"showFog":true,"showSkybox":true,"showFlares":true,"showImageEffects":true,"showParticleSystems":true,"showVisualEffectGraphs":true,"m_FxEnabled":true},"in2DMode":false,"pivot":{"x":31.572715759277345,"y":8.241313934326172,"z":64.80884552001953},"rotation":{"x":0.2837466597557068,"y":0.10682770609855652,"z":-0.03170855715870857,"w":0.9525480270385742},"size":12.979720115661621,"orthographic":false}