{"cameraMode":{"drawMode":0,"name":"Shaded","section":"Shading Mode"},"sceneLighting":true,"audioPlay":false,"sceneViewState":{"m_AlwaysRefresh":false,"showFog":true,"showSkybox":true,"showFlares":true,"showImageEffects":true,"showParticleSystems":true,"showVisualEffectGraphs":true,"m_FxEnabled":true},"in2DMode":false,"pivot":{"x":23.729076385498048,"y":-19.859912872314454,"z":10.955009460449219},"rotation":{"x":-0.17669160664081574,"y":-0.16063983738422395,"z":0.029068365693092347,"w":-0.9708267450332642},"size":77.28486633300781,"orthographic":false}