{"cameraMode":{"drawMode":0,"name":"Shaded","section":"Shading Mode"},"sceneLighting":true,"audioPlay":false,"sceneViewState":{"m_AlwaysRefresh":false,"showFog":true,"showSkybox":true,"showFlares":true,"showImageEffects":true,"showParticleSystems":true,"showVisualEffectGraphs":true,"m_FxEnabled":true},"in2DMode":false,"pivot":{"x":1.1226074695587159,"y":-1.512990951538086,"z":8.157047271728516},"rotation":{"x":0.25102418661117556,"y":0.02177131175994873,"z":-0.0056552947498857979,"w":0.9676960110664368},"size":7.063310146331787,"orthographic":false}