{"cameraMode":{"drawMode":0,"name":"Shaded","section":"Shading Mode"},"sceneLighting":false,"audioPlay":false,"sceneViewState":{"m_AlwaysRefresh":false,"showFog":false,"showSkybox":false,"showFlares":false,"showImageEffects":false,"showParticleSystems":false,"showVisualEffectGraphs":true,"m_FxEnabled":true},"in2DMode":false,"pivot":{"x":-0.09861762821674347,"y":0.8328123092651367,"z":-0.005629223771393299},"rotation":{"x":-0.000010548968020884786,"y":0.9998396635055542,"z":-0.01799905113875866,"w":-0.0006017658160999417},"size":1.7725294828414918,"orthographic":true}