{"cameraMode":{"drawMode":0,"name":"Shaded","section":"Shading Mode"},"sceneLighting":false,"audioPlay":false,"sceneViewState":{"m_AlwaysRefresh":false,"showFog":false,"showSkybox":false,"showFlares":false,"showImageEffects":false,"showParticleSystems":false,"showVisualEffectGraphs":true,"m_FxEnabled":true},"in2DMode":false,"pivot":{"x":0.4304986596107483,"y":1.1342248916625977,"z":0.8157863020896912},"rotation":{"x":0.019744550809264184,"y":-0.9793304800987244,"z":0.16307571530342103,"w":0.11869748681783676},"size":3.007394790649414,"orthographic":false}