{"cameraMode":{"drawMode":0,"name":"Shaded","section":"Shading Mode"},"sceneLighting":false,"audioPlay":false,"sceneViewState":{"m_AlwaysRefresh":false,"showFog":true,"showSkybox":false,"showFlares":true,"showImageEffects":true,"showParticleSystems":true,"showVisualEffectGraphs":true,"m_FxEnabled":true},"in2DMode":false,"pivot":{"x":-1.1295857429504395,"y":0.633011519908905,"z":-18.59978485107422},"rotation":{"x":0.4830707907676697,"y":0.021274754777550699,"z":-0.011751705780625344,"w":0.8752692341804504},"size":1.8180017471313477,"orthographic":false}