{"cameraMode":{"drawMode":0,"name":"Shaded","section":"Shading Mode"},"sceneLighting":false,"audioPlay":false,"sceneViewState":{"m_AlwaysRefresh":false,"showFog":true,"showSkybox":false,"showFlares":true,"showImageEffects":true,"showParticleSystems":true,"showVisualEffectGraphs":true,"m_FxEnabled":true},"in2DMode":false,"pivot":{"x":-124.61811828613281,"y":10.190000534057618,"z":-113.5999984741211},"rotation":{"x":0.2712492346763611,"y":0.007614604197442532,"z":-0.0020366807002574207,"w":0.963188648223877},"size":5.722761631011963,"orthographic":false}