{"cameraMode":{"drawMode":0,"name":"Shaded","section":"Shading Mode"},"sceneLighting":true,"audioPlay":false,"sceneViewState":{"m_AlwaysRefresh":false,"showFog":true,"showSkybox":false,"showFlares":true,"showImageEffects":true,"showParticleSystems":true,"showVisualEffectGraphs":true,"m_FxEnabled":true},"in2DMode":false,"pivot":{"x":0.6023481488227844,"y":2.117424964904785,"z":-1.1885631084442139},"rotation":{"x":0.2977280616760254,"y":0.17652951180934907,"z":-0.05612709000706673,"w":0.9365126490592957},"size":11.298206329345704,"orthographic":false}