{"cameraMode":{"drawMode":0,"name":"Shaded","section":"Shading Mode"},"sceneLighting":false,"audioPlay":false,"sceneViewState":{"m_AlwaysRefresh":false,"showFog":true,"showSkybox":false,"showFlares":true,"showImageEffects":true,"showParticleSystems":true,"showVisualEffectGraphs":true,"m_FxEnabled":true},"in2DMode":false,"pivot":{"x":-125.65222930908203,"y":8.760101318359375,"z":-148.28306579589845},"rotation":{"x":0.24791796505451203,"y":-0.01841454580426216,"z":0.0043984646908938889,"w":0.9688773155212402},"size":2.572723627090454,"orthographic":false}